{"schema":6,"addons":[{"id":"langpack-en-GB@firefox.mozilla.org","icons":{"32":"https://addons.mozilla.org/static-server/img/addon-icons/default-32.2b26add4b394.png","64":"https://addons.mozilla.org/static-server/img/addon-icons/default-64.d144b50f2bb8.png","128":"https://addons.mozilla.org/static-server/img/addon-icons/default-128.452018499894.png"},"name":"Language: English (GB)","version":"114.0.20230525.180143","sourceURI":"https://addons.mozilla.org/firefox/downloads/file/4116355/english_gb_language_pack-114.0.20230525.180143.xpi","homepageURL":null,"supportURL":null,"description":"Firefox Language Pack for English (GB) (en-GB)","fullDescription":null,"weeklyDownloads":1489,"type":"locale","creator":{"name":"Mozilla Firefox","url":"https://addons.mozilla.org/en-US/firefox/user/4757633/"},"developers":[],"screenshots":[],"contributionURL":"","averageRating":3.7054,"reviewCount":256,"reviewURL":"https://addons.mozilla.org/en-US/firefox/addon/english-gb-language-pack/reviews/","updateDate":1685050361000},{"id":"langpack-en-CA@firefox.mozilla.org","icons":{"32":"https://addons.mozilla.org/static-server/img/addon-icons/default-32.2b26add4b394.png","64":"https://addons.mozilla.org/static-server/img/addon-icons/default-64.d144b50f2bb8.png","128":"https://addons.mozilla.org/static-server/img/addon-icons/default-128.452018499894.png"},"name":"Language: English (CA)","version":"114.0.20230525.180143","sourceURI":"https://addons.mozilla.org/firefox/downloads/file/4116353/english_ca_language_pack-114.0.20230525.180143.xpi","homepageURL":null,"supportURL":null,"description":"Firefox Language Pack for English (CA) (en-CA)","fullDescription":null,"weeklyDownloads":106,"type":"locale","creator":{"name":"Mozilla Firefox","url":"https://addons.mozilla.org/en-US/firefox/user/4757633/"},"developers":[],"screenshots":[],"contributionURL":"","averageRating":4.1724,"reviewCount":8,"reviewURL":"https://addons.mozilla.org/en-US/firefox/addon/english-ca-language-pack/reviews/","updateDate":1685050353000},{"id":"firefox@tampermonkey.net","icons":{"32":"https://addons.mozilla.org/user-media/addon_icons/683/683490-32.png?modified=1625638973","64":"https://addons.mozilla.org/user-media/addon_icons/683/683490-64.png?modified=1625638973","128":"https://addons.mozilla.org/user-media/addon_icons/683/683490-128.png?modified=1625638973"},"name":"Tampermonkey","version":"4.18.1","sourceURI":"https://addons.mozilla.org/firefox/downloads/file/4030629/tampermonkey-4.18.1.xpi","homepageURL":"https://tampermonkey.net","supportURL":"https://tampermonkey.net/faq","description":"Tampermonkey is the world's most popular userscript manager.","fullDescription":"Tampermonkey is the most popular userscript manager, with over 10 million weekly users. It's available for Chrome, Microsoft Edge, Safari, Opera Next and Firefox.\n\nTampermonkey makes it very easy to manage your userscripts and provides features like a clear overview over the running scripts, a built-in editor, ZIP-based import and export (Google Drive, Dropbox, OneDrive), automatic update checks and also browser and cloud storage based synchronization. And finally it's compatible to Greasemonkey up to version 3.x with experimental 4.x support.\n\nNote: If you want to install the more often updated BETA version, then you can get it from here: https://tampermonkey.net/?browser=firefox","weeklyDownloads":27027,"type":"extension","creator":{"name":"Jan Biniok","url":"https://addons.mozilla.org/en-US/firefox/user/11993838/"},"developers":[],"screenshots":[{"url":"https://addons.mozilla.org/user-media/previews/full/170/170870.png?modified=1622132485","width":634,"height":525,"thumbnailURL":"https://addons.mozilla.org/user-media/previews/thumbs/170/170870.jpg?modified=1622132485","thumbnailWidth":483,"thumbnailHeight":400,"caption":"Tampermonkey's built-in editor"}],"contributionURL":"","averageRating":4.7069,"reviewCount":796,"reviewURL":"https://addons.mozilla.org/en-US/firefox/addon/tampermonkey/reviews/","updateDate":1668518417000}]}