{"schemaVersion":32,"addons":[{"id":"doh-rollout@mozilla.org","syncGUID":"{87aed6b5-5a65-43c8-ad44-620ef3175e0f}","version":"1.3.0","type":"extension","loader":null,"updateURL":null,"optionsURL":null,"optionsType":null,"optionsBrowserStyle":true,"aboutURL":null,"defaultLocale":{"name":"DoH Roll-Out","description":"Mozilla add-on that supports the roll-out of DoH","creator":null,"developers":null,"translators":null,"contributors":null},"visible":true,"active":true,"userDisabled":false,"appDisabled":false,"embedderDisabled":false,"installDate":1595866105000,"updateDate":1595866105000,"applyBackgroundUpdates":1,"path":"/usr/lib/firefox/browser/features/doh-rollout@mozilla.org.xpi","skinnable":false,"sourceURI":null,"releaseNotesURI":null,"softDisabled":false,"foreignInstall":false,"strictCompatibility":true,"locales":[],"targetApplications":[{"id":"toolkit@mozilla.org","minVersion":"72.0a1","maxVersion":null}],"targetPlatforms":[],"signedDate":null,"seen":true,"dependencies":[],"incognito":"spanning","userPermissions":{"permissions":["captivePortal","dns","storage"],"origins":[]},"optionalPermissions":{"permissions":[],"origins":[]},"icons":{},"iconURL":null,"blocklistState":0,"blocklistURL":null,"startupData":null,"hidden":true,"installTelemetryInfo":null,"recommendationState":null,"rootURI":"jar:file:///usr/lib/firefox/browser/features/doh-rollout@mozilla.org.xpi!/","location":"app-system-defaults"},{"id":"formautofill@mozilla.org","syncGUID":"{d753d0d1-1e44-4dbd-9bfe-21e0811910a4}","version":"1.0","type":"extension","loader":null,"updateURL":null,"optionsURL":null,"optionsType":null,"optionsBrowserStyle":true,"aboutURL":null,"defaultLocale":{"name":"Form Autofill","creator":null,"developers":null,"translators":null,"contributors":null},"visible":true,"active":true,"userDisabled":false,"appDisabled":false,"embedderDisabled":false,"installDate":1595866105000,"updateDate":1595866105000,"applyBackgroundUpdates":1,"path":"/usr/lib/firefox/browser/features/formautofill@mozilla.org.xpi","skinnable":false,"sourceURI":null,"releaseNotesURI":null,"softDisabled":false,"foreignInstall":false,"strictCompatibility":true,"locales":[],"targetApplications":[{"id":"toolkit@mozilla.org","minVersion":null,"maxVersion":null}],"targetPlatforms":[],"signedDate":null,"seen":true,"dependencies":[],"incognito":"spanning","userPermissions":{"permissions":[],"origins":[]},"optionalPermissions":{"permissions":[],"origins":[]},"icons":{},"iconURL":null,"blocklistState":0,"blocklistURL":null,"startupData":null,"hidden":true,"installTelemetryInfo":null,"recommendationState":null,"rootURI":"jar:file:///usr/lib/firefox/browser/features/formautofill@mozilla.org.xpi!/","location":"app-system-defaults"},{"id":"screenshots@mozilla.org","syncGUID":"{fa775f99-4938-4416-813b-7c63ba92712b}","version":"39.0.0","type":"extension","loader":null,"updateURL":null,"optionsURL":null,"optionsType":null,"optionsBrowserStyle":true,"aboutURL":null,"defaultLocale":{"name":"Firefox Screenshots","description":"Take clips and screenshots from the Web and save them temporarily or permanently.","creator":"Mozilla <screenshots-feedback@mozilla.com>","homepageURL":"https://github.com/mozilla-services/screenshots","developers":null,"translators":null,"contributors":null},"visible":true,"active":true,"userDisabled":false,"appDisabled":false,"embedderDisabled":false,"installDate":1595866105000,"updateDate":1595866105000,"applyBackgroundUpdates":1,"path":"/usr/lib/firefox/browser/features/screenshots@mozilla.org.xpi","skinnable":false,"sourceURI":null,"releaseNotesURI":null,"softDisabled":false,"foreignInstall":false,"strictCompatibility":true,"locales":[],"targetApplications":[{"id":"toolkit@mozilla.org","minVersion":"57.0a1","maxVersion":null}],"targetPlatforms":[],"signedDate":null,"seen":true,"dependencies":[],"incognito":"spanning","userPermissions":{"permissions":["activeTab","downloads","tabs","storage","notifications","clipboardWrite","contextMenus"],"origins":["<all_urls>","https://screenshots.firefox.com/","https://screenshots.firefox.com/*"]},"optionalPermissions":{"permissions":[],"origins":[]},"icons":{"32":"icons/icon-v2.svg"},"iconURL":null,"blocklistState":0,"blocklistURL":null,"startupData":null,"hidden":true,"installTelemetryInfo":null,"recommendationState":null,"rootURI":"jar:file:///usr/lib/firefox/browser/features/screenshots@mozilla.org.xpi!/","location":"app-system-defaults"},{"id":"webcompat-reporter@mozilla.org","syncGUID":"{7322a07d-ac28-40e6-9f97-bc3d3cb22f8f}","version":"1.3.0","type":"extension","loader":null,"updateURL":null,"optionsURL":null,"optionsType":null,"optionsBrowserStyle":true,"aboutURL":null,"defaultLocale":{"name":"WebCompat Reporter","description":"Report site compatibility issues on webcompat.com","creator":"Thomas Wisniewski <twisniewski@mozilla.com>","homepageURL":"https://github.com/mozilla/webcompat-reporter","developers":null,"translators":null,"contributors":null},"visible":true,"active":false,"userDisabled":true,"appDisabled":false,"embedderDisabled":false,"installDate":1595866105000,"updateDate":1595866105000,"applyBackgroundUpdates":1,"path":"/usr/lib/firefox/browser/features/webcompat-reporter@mozilla.org.xpi","skinnable":false,"sourceURI":null,"releaseNotesURI":null,"softDisabled":false,"foreignInstall":false,"strictCompatibility":true,"locales":[],"targetApplications":[{"id":"toolkit@mozilla.org","minVersion":null,"maxVersion":null}],"targetPlatforms":[],"signedDate":null,"seen":true,"dependencies":[],"incognito":"spanning","userPermissions":{"permissions":["tabs"],"origins":["<all_urls>"]},"optionalPermissions":{"permissions":[],"origins":[]},"icons":{"16":"icons/lightbulb.svg","32":"icons/lightbulb.svg","48":"icons/lightbulb.svg","96":"icons/lightbulb.svg","128":"icons/lightbulb.svg"},"iconURL":null,"blocklistState":0,"blocklistURL":null,"startupData":null,"hidden":true,"installTelemetryInfo":null,"recommendationState":null,"rootURI":"jar:file:///usr/lib/firefox/browser/features/webcompat-reporter@mozilla.org.xpi!/","location":"app-system-defaults"},{"id":"webcompat@mozilla.org","syncGUID":"{f7c43a55-7e2c-4368-b2e7-a73a2c9aab31}","version":"12.0.0","type":"extension","loader":null,"updateURL":null,"optionsURL":null,"optionsType":null,"optionsBrowserStyle":true,"aboutURL":null,"defaultLocale":{"name":"Web Compat","description":"Urgent post-release fixes for web compatibility.","creator":null,"developers":null,"translators":null,"contributors":null},"visible":true,"active":true,"userDisabled":false,"appDisabled":false,"embedderDisabled":false,"installDate":1595866105000,"updateDate":1595866105000,"applyBackgroundUpdates":1,"path":"/usr/lib/firefox/browser/features/webcompat@mozilla.org.xpi","skinnable":false,"sourceURI":null,"releaseNotesURI":null,"softDisabled":false,"foreignInstall":false,"strictCompatibility":true,"locales":[],"targetApplications":[{"id":"toolkit@mozilla.org","minVersion":"59.0b5","maxVersion":null}],"targetPlatforms":[],"signedDate":null,"seen":true,"dependencies":[],"incognito":"spanning","userPermissions":{"permissions":["webRequest","webRequestBlocking"],"origins":["<all_urls>"]},"optionalPermissions":{"permissions":[],"origins":[]},"icons":{},"iconURL":null,"blocklistState":0,"blocklistURL":null,"startupData":null,"hidden":true,"installTelemetryInfo":null,"recommendationState":null,"rootURI":"jar:file:///usr/lib/firefox/browser/features/webcompat@mozilla.org.xpi!/","location":"app-system-defaults"},{"id":"langpack-en-GB@firefox.mozilla.org","syncGUID":"{33de64ac-9c39-4a60-b714-18911ae1d68c}","version":"83.0buildid20201112153044","type":"locale","loader":null,"updateURL":null,"optionsURL":null,"optionsType":null,"optionsBrowserStyle":true,"aboutURL":null,"defaultLocale":{"name":"English (GB) Language Pack","description":"Language pack for Firefox for en-GB","creator":"Mark Tyndall (contributors: David Bartlett, Constantine Murenin, Ian Neal)","developers":null,"translators":null,"contributors":null},"visible":true,"active":false,"userDisabled":false,"appDisabled":true,"embedderDisabled":false,"installDate":1605277542000,"updateDate":1605277542000,"applyBackgroundUpdates":1,"path":"/usr/lib/firefox/browser/extensions/langpack-en-GB@firefox.mozilla.org.xpi","skinnable":false,"sourceURI":null,"releaseNotesURI":null,"softDisabled":false,"foreignInstall":true,"strictCompatibility":true,"locales":[],"targetApplications":[{"id":"toolkit@mozilla.org","minVersion":"83.0","maxVersion":"83.*"}],"targetPlatforms":[],"signedDate":null,"seen":true,"dependencies":[],"userPermissions":null,"optionalPermissions":null,"icons":{},"iconURL":null,"blocklistState":0,"blocklistURL":null,"startupData":{"chromeEntries":[["locale","branding","en-GB","browser/chrome/en-GB/locale/branding/"],["locale","browser","en-GB","browser/chrome/en-GB/locale/browser/"],["locale","browser-region","en-GB","browser/chrome/en-GB/locale/browser-region/"],["locale","devtools","en-GB","browser/chrome/en-GB/locale/en-GB/devtools/client/"],["locale","devtools-shared","en-GB","browser/chrome/en-GB/locale/en-GB/devtools/shared/"],["locale","devtools-startup","en-GB","browser/chrome/en-GB/locale/en-GB/devtools/startup/"],["locale","formautofill","en-GB","browser/features/formautofill@mozilla.org/en-GB/locale/en-GB/"],["locale","report-site-issue","en-GB","browser/features/webcompat-reporter@mozilla.org/en-GB/locale/en-GB/"],["locale","alerts","en-GB","chrome/en-GB/locale/en-GB/alerts/"],["locale","autoconfig","en-GB","chrome/en-GB/locale/en-GB/autoconfig/"],["locale","global","en-GB","chrome/en-GB/locale/en-GB/global/"],["locale","global-platform","en-GB","chrome/en-GB/locale/en-GB/global-platform/unix/"],["locale","mozapps","en-GB","chrome/en-GB/locale/en-GB/mozapps/"],["locale","necko","en-GB","chrome/en-GB/locale/en-GB/necko/"],["locale","passwordmgr","en-GB","chrome/en-GB/locale/en-GB/passwordmgr/"],["locale","pdf.js","en-GB","chrome/en-GB/locale/pdfviewer/"],["locale","pipnss","en-GB","chrome/en-GB/locale/en-GB/pipnss/"],["locale","pippki","en-GB","chrome/en-GB/locale/en-GB/pippki/"],["locale","places","en-GB","chrome/en-GB/locale/en-GB/places/"],["locale","pluginproblem","en-GB","chrome/en-GB/locale/en-GB/pluginproblem/"],["locale","weave","en-GB","chrome/en-GB/locale/en-GB/services/"]],"langpackId":"langpack-en-GB-browser","l10nRegistrySources":{"toolkit":"","browser":"browser/"},"languages":["en-GB"]},"hidden":false,"installTelemetryInfo":{"source":"app-global","method":"sideload"},"recommendationState":null,"rootURI":"jar:file:///usr/lib/firefox/browser/extensions/langpack-en-GB@firefox.mozilla.org.xpi!/","location":"app-global"},{"id":"langpack-en-CA@firefox.mozilla.org","syncGUID":"{d7ccc346-5910-456d-bdfe-d3625be48892}","version":"83.0buildid20201112153044","type":"locale","loader":null,"updateURL":null,"optionsURL":null,"optionsType":null,"optionsBrowserStyle":true,"aboutURL":null,"defaultLocale":{"name":"English (CA) Language Pack","description":"Language pack for Firefox for en-CA","creator":"mozilla.org","developers":null,"translators":null,"contributors":null},"visible":true,"active":false,"userDisabled":false,"appDisabled":true,"embedderDisabled":false,"installDate":1605277542000,"updateDate":1605277542000,"applyBackgroundUpdates":1,"path":"/usr/lib/firefox/browser/extensions/langpack-en-CA@firefox.mozilla.org.xpi","skinnable":false,"sourceURI":null,"releaseNotesURI":null,"softDisabled":false,"foreignInstall":true,"strictCompatibility":true,"locales":[],"targetApplications":[{"id":"toolkit@mozilla.org","minVersion":"83.0","maxVersion":"83.*"}],"targetPlatforms":[],"signedDate":null,"seen":true,"dependencies":[],"userPermissions":null,"optionalPermissions":null,"icons":{},"iconURL":null,"blocklistState":0,"blocklistURL":null,"startupData":{"chromeEntries":[["locale","branding","en-CA","browser/chrome/en-CA/locale/branding/"],["locale","browser","en-CA","browser/chrome/en-CA/locale/browser/"],["locale","browser-region","en-CA","browser/chrome/en-CA/locale/browser-region/"],["locale","devtools","en-CA","browser/chrome/en-CA/locale/en-CA/devtools/client/"],["locale","devtools-shared","en-CA","browser/chrome/en-CA/locale/en-CA/devtools/shared/"],["locale","devtools-startup","en-CA","browser/chrome/en-CA/locale/en-CA/devtools/startup/"],["locale","formautofill","en-CA","browser/features/formautofill@mozilla.org/en-CA/locale/en-CA/"],["locale","report-site-issue","en-CA","browser/features/webcompat-reporter@mozilla.org/en-CA/locale/en-CA/"],["locale","alerts","en-CA","chrome/en-CA/locale/en-CA/alerts/"],["locale","autoconfig","en-CA","chrome/en-CA/locale/en-CA/autoconfig/"],["locale","global","en-CA","chrome/en-CA/locale/en-CA/global/"],["locale","global-platform","en-CA","chrome/en-CA/locale/en-CA/global-platform/unix/"],["locale","mozapps","en-CA","chrome/en-CA/locale/en-CA/mozapps/"],["locale","necko","en-CA","chrome/en-CA/locale/en-CA/necko/"],["locale","passwordmgr","en-CA","chrome/en-CA/locale/en-CA/passwordmgr/"],["locale","pdf.js","en-CA","chrome/en-CA/locale/pdfviewer/"],["locale","pipnss","en-CA","chrome/en-CA/locale/en-CA/pipnss/"],["locale","pippki","en-CA","chrome/en-CA/locale/en-CA/pippki/"],["locale","places","en-CA","chrome/en-CA/locale/en-CA/places/"],["locale","pluginproblem","en-CA","chrome/en-CA/locale/en-CA/pluginproblem/"],["locale","weave","en-CA","chrome/en-CA/locale/en-CA/services/"]],"langpackId":"langpack-en-CA-browser","l10nRegistrySources":{"toolkit":"","browser":"browser/"},"languages":["en-CA"]},"hidden":false,"installTelemetryInfo":{"source":"app-global","method":"sideload"},"recommendationState":null,"rootURI":"jar:file:///usr/lib/firefox/browser/extensions/langpack-en-CA@firefox.mozilla.org.xpi!/","location":"app-global"},{"id":"default-theme@mozilla.org","syncGUID":"{523aa15d-4e99-4066-ba89-85d430a09dbb}","version":"1.0","type":"theme","loader":null,"updateURL":null,"optionsURL":null,"optionsType":null,"optionsBrowserStyle":true,"aboutURL":null,"defaultLocale":{"name":"Default","description":"A theme with the operating system color scheme.","creator":"Mozilla","developers":null,"translators":null,"contributors":null},"visible":true,"active":true,"userDisabled":false,"appDisabled":false,"embedderDisabled":false,"installDate":1685094785515,"applyBackgroundUpdates":1,"path":null,"skinnable":false,"sourceURI":null,"releaseNotesURI":null,"softDisabled":false,"foreignInstall":false,"strictCompatibility":true,"locales":[],"targetApplications":[{"id":"toolkit@mozilla.org","minVersion":null,"maxVersion":null}],"targetPlatforms":[],"signedDate":null,"seen":true,"dependencies":[],"userPermissions":null,"optionalPermissions":null,"icons":{"32":"icon.svg"},"iconURL":null,"blocklistState":0,"blocklistURL":null,"startupData":null,"hidden":false,"installTelemetryInfo":null,"recommendationState":null,"rootURI":"resource://gre/modules/themes/default/","location":"app-builtin"},{"id":"firefox-compact-light@mozilla.org","syncGUID":"{da61db64-5495-4432-bccc-aea9cb0bcda3}","version":"1.0","type":"theme","loader":null,"updateURL":null,"optionsURL":null,"optionsType":null,"optionsBrowserStyle":true,"aboutURL":null,"defaultLocale":{"name":"Light","description":"A theme with a light color scheme.","creator":"Mozilla","developers":null,"translators":null,"contributors":null},"visible":true,"active":false,"userDisabled":true,"appDisabled":false,"embedderDisabled":false,"installDate":1685094785517,"applyBackgroundUpdates":1,"path":null,"skinnable":false,"sourceURI":null,"releaseNotesURI":null,"softDisabled":false,"foreignInstall":false,"strictCompatibility":true,"locales":[],"targetApplications":[{"id":"toolkit@mozilla.org","minVersion":null,"maxVersion":null}],"targetPlatforms":[],"signedDate":null,"seen":true,"dependencies":[],"userPermissions":null,"optionalPermissions":null,"icons":{"32":"icon.svg"},"iconURL":null,"blocklistState":0,"blocklistURL":null,"startupData":null,"hidden":false,"installTelemetryInfo":null,"recommendationState":null,"rootURI":"resource:///modules/themes/light/","location":"app-builtin"},{"id":"firefox-compact-dark@mozilla.org","syncGUID":"{38ae9d73-4524-4447-8850-b4efb004d11c}","version":"1.0","type":"theme","loader":null,"updateURL":null,"optionsURL":null,"optionsType":null,"optionsBrowserStyle":true,"aboutURL":null,"defaultLocale":{"name":"Dark","description":"A theme with a dark color scheme.","creator":"Mozilla","developers":null,"translators":null,"contributors":null},"visible":true,"active":false,"userDisabled":true,"appDisabled":false,"embedderDisabled":false,"installDate":1685094785521,"applyBackgroundUpdates":1,"path":null,"skinnable":false,"sourceURI":null,"releaseNotesURI":null,"softDisabled":false,"foreignInstall":false,"strictCompatibility":true,"locales":[],"targetApplications":[{"id":"toolkit@mozilla.org","minVersion":null,"maxVersion":null}],"targetPlatforms":[],"signedDate":null,"seen":true,"dependencies":[],"userPermissions":null,"optionalPermissions":null,"icons":{"32":"icon.svg"},"iconURL":null,"blocklistState":0,"blocklistURL":null,"startupData":null,"hidden":false,"installTelemetryInfo":null,"recommendationState":null,"rootURI":"resource:///modules/themes/dark/","location":"app-builtin"},{"id":"google@search.mozilla.org","syncGUID":"{d273a934-b126-498f-a65e-213fa5becd54}","version":"1.0","type":"extension","loader":null,"updateURL":null,"optionsURL":null,"optionsType":null,"optionsBrowserStyle":true,"aboutURL":null,"defaultLocale":{"name":"Google","description":"Google Search","creator":null,"developers":null,"translators":null,"contributors":null},"visible":true,"active":true,"userDisabled":false,"appDisabled":false,"embedderDisabled":false,"installDate":1685094789491,"applyBackgroundUpdates":1,"path":null,"skinnable":false,"sourceURI":null,"releaseNotesURI":null,"softDisabled":false,"foreignInstall":false,"strictCompatibility":true,"locales":[{"name":"Google","description":"Google Search","creator":null,"developers":null,"translators":null,"contributors":null,"locales":["en"]},{"name":"Google","description":"Google Search","creator":null,"developers":null,"translators":null,"contributors":null,"locales":["b-1-d"]},{"name":"Google","description":"Google Search","creator":null,"developers":null,"translators":null,"contributors":null,"locales":["b-1-e"]},{"name":"Google","description":"Google Search","creator":null,"developers":null,"translators":null,"contributors":null,"locales":["b-d"]},{"name":"Google","description":"Google Search","creator":null,"developers":null,"translators":null,"contributors":null,"locales":["b-e"]}],"targetApplications":[{"id":"toolkit@mozilla.org","minVersion":null,"maxVersion":null}],"targetPlatforms":[],"signedDate":null,"seen":true,"dependencies":[],"incognito":"spanning","userPermissions":{"permissions":[],"origins":[]},"optionalPermissions":{"permissions":[],"origins":[]},"icons":{"16":"favicon.ico"},"iconURL":null,"blocklistState":0,"blocklistURL":null,"startupData":null,"hidden":true,"installTelemetryInfo":null,"recommendationState":null,"rootURI":"resource://search-extensions/google/","location":"app-builtin"},{"id":"amazondotcom@search.mozilla.org","syncGUID":"{8c60fbe2-c427-45d4-ae77-076f47fa9380}","version":"1.1","type":"extension","loader":null,"updateURL":null,"optionsURL":null,"optionsType":null,"optionsBrowserStyle":true,"aboutURL":null,"defaultLocale":{"name":"Amazon.com","description":"Amazon.com Search","creator":null,"developers":null,"translators":null,"contributors":null},"visible":true,"active":true,"userDisabled":false,"appDisabled":false,"embedderDisabled":false,"installDate":1685094789754,"applyBackgroundUpdates":1,"path":null,"skinnable":false,"sourceURI":null,"releaseNotesURI":null,"softDisabled":false,"foreignInstall":false,"strictCompatibility":true,"locales":[{"name":"Amazon.com","description":"Amazon.com Search","creator":null,"developers":null,"translators":null,"contributors":null,"locales":["en"]}],"targetApplications":[{"id":"toolkit@mozilla.org","minVersion":null,"maxVersion":null}],"targetPlatforms":[],"signedDate":null,"seen":true,"dependencies":[],"incognito":"spanning","userPermissions":{"permissions":[],"origins":[]},"optionalPermissions":{"permissions":[],"origins":[]},"icons":{"16":"favicon.ico"},"iconURL":null,"blocklistState":0,"blocklistURL":null,"startupData":null,"hidden":true,"installTelemetryInfo":null,"recommendationState":null,"rootURI":"resource://search-extensions/amazondotcom/","location":"app-builtin"},{"id":"wikipedia@search.mozilla.org","syncGUID":"{8805abe8-9d89-44b6-a1f3-f7063b4c0e62}","version":"1.0","type":"extension","loader":null,"updateURL":null,"optionsURL":null,"optionsType":null,"optionsBrowserStyle":true,"aboutURL":null,"defaultLocale":{"name":"Wikipedia (en)","description":"Wikipedia, the Free Encyclopedia","creator":null,"developers":null,"translators":null,"contributors":null},"visible":true,"active":true,"userDisabled":false,"appDisabled":false,"embedderDisabled":false,"installDate":1685094789950,"applyBackgroundUpdates":1,"path":null,"skinnable":false,"sourceURI":null,"releaseNotesURI":null,"softDisabled":false,"foreignInstall":false,"strictCompatibility":true,"locales":[{"name":"Wikipedia (en)","description":"Wikipedia, the Free Encyclopedia","creator":null,"developers":null,"translators":null,"contributors":null,"locales":["en"]},{"name":"Wikipedija (hr)","description":"Wikipedija, slobodna enciklopedija","creator":null,"developers":null,"translators":null,"contributors":null,"locales":["hr"]},{"name":"Wikipedia (fi)","description":"Wikipedia (fi), vapaa tietosanakirja","creator":null,"developers":null,"translators":null,"contributors":null,"locales":["fi"]},{"name":"Wikipedia (hy)","description":"Վիքիփեդիա՝ ազատ հանրագիտարան","creator":null,"developers":null,"translators":null,"contributors":null,"locales":["hy"]},{"name":"Уикипедия (kk)","description":"Уикипедия (kk)","creator":null,"developers":null,"translators":null,"contributors":null,"locales":["kk"]},{"name":"Вікіпедыя (be)","description":"Вікіпедыя, свабодная энцыклапедыя","creator":null,"developers":null,"translators":null,"contributors":null,"locales":["be"]},{"name":"위키백과 (ko)","description":"Wikipedia, the free encyclopedia","creator":null,"developers":null,"translators":null,"contributors":null,"locales":["kr"]},{"name":"Wikipedia (ro)","description":"Wikipedia, enciclopedia liberă","creator":null,"developers":null,"translators":null,"contributors":null,"locales":["ro"]},{"name":"Wikipedia (bs)","description":"Slobodna enciklopedija","creator":null,"developers":null,"translators":null,"contributors":null,"locales":["bs"]},{"name":"Wikipedia (pt)","description":"Wikipédia, a enciclopédia livre","creator":null,"developers":null,"translators":null,"contributors":null,"locales":["pt"]},{"name":"Vikipetã (gn)","description":"Vikipetã, opaite tembikuaa hekosãsóva renda","creator":null,"developers":null,"translators":null,"contributors":null,"locales":["gn"]},{"name":"વિકિપીડિયા (gu)","description":"વીકીપીડિયા, મુક્ત એનસાયક્લોપીડિયા","creator":null,"developers":null,"translators":null,"contributors":null,"locales":["gu"]},{"name":"Wikipedia (el)","description":"Βικιπαίδεια, η ελεύθερη εγκυκλοπαίδεια","creator":null,"developers":null,"translators":null,"contributors":null,"locales":["el"]},{"name":"Wikipedia (es)","description":"Wikipedia, la enciclopedia libre","creator":null,"developers":null,"translators":null,"contributors":null,"locales":["es"]},{"name":"ויקיפדיה","description":"ויקיפדיה","creator":null,"developers":null,"translators":null,"contributors":null,"locales":["he"]},{"name":"Wikipedia (da)","description":"Wikipedia, den frie encyklopædi","creator":null,"developers":null,"translators":null,"contributors":null,"locales":["da"]},{"name":"Wikipedia (tr)","description":"Vikipedi, özgür ansiklopedi","creator":null,"developers":null,"translators":null,"contributors":null,"locales":["tr"]},{"name":"Wikipedija (hsb)","description":"Wikipedija, swobodna encyklopedija","creator":null,"developers":null,"translators":null,"contributors":null,"locales":["hsb"]},{"name":"Wikipedy (fy)","description":"De fergese ensyklopedy","creator":null,"developers":null,"translators":null,"contributors":null,"locales":["fy-NL"]},{"name":"विकिपीडिया (ne)","description":"विकिपिडिया एक स्वतन्त्र विश्वकोष","creator":null,"developers":null,"translators":null,"contributors":null,"locales":["ne"]},{"name":"Wikipedia (nl)","description":"De vrije encyclopedie","creator":null,"developers":null,"translators":null,"contributors":null,"locales":["nl"]},{"name":"Wikipedia (ja)","description":"Wikipedia - フリー百科事典","creator":null,"developers":null,"translators":null,"contributors":null,"locales":["ja"]},{"name":"Vikipeedia (et)","description":"Vikipeedia, vaba entsüklopeedia","creator":null,"developers":null,"translators":null,"contributors":null,"locales":["et"]},{"name":"Wikipèdia (oc)","description":"Wikipèdia, l'enciclopèdia liura","creator":null,"developers":null,"translators":null,"contributors":null,"locales":["oc"]},{"name":"Wicipedia (cy)","description":"Wicipedia, Y Gwyddioniadur Rhydd","creator":null,"developers":null,"translators":null,"contributors":null,"locales":["cy"]},{"name":"వికీపీడియా (te)","description":"వికీపీడియా (te)","creator":null,"developers":null,"translators":null,"contributors":null,"locales":["te"]},{"name":"Wikipédia (fr)","description":"Wikipédia, l'encyclopédie libre","creator":null,"developers":null,"translators":null,"contributors":null,"locales":["fr"]},{"name":"Wikipedia (tl)","description":"Wikipedia, ang malayang ensiklopedya","creator":null,"developers":null,"translators":null,"contributors":null,"locales":["tl"]},{"name":"维基百科","description":"维基百科，自由的百科全书","creator":null,"developers":null,"translators":null,"contributors":null,"locales":["zh-CN"]},{"name":"Wikipedia (lij)","description":"Wikipedia, l'enciclopedia libera","creator":null,"developers":null,"translators":null,"contributors":null,"locales":["lij"]},{"name":"វីគីភីឌា (km)","description":"វីគីភីឌា សព្វ​វចនា​ធិប្បាយ​សេរី","creator":null,"developers":null,"translators":null,"contributors":null,"locales":["km"]},{"name":"Уикипедия (bg)","description":"Уикипедия, свободната енциклоподия","creator":null,"developers":null,"translators":null,"contributors":null,"locales":["bg"]},{"name":"Wikipedia (id)","description":"Wikipedia, ensiklopedia bebas","creator":null,"developers":null,"translators":null,"contributors":null,"locales":["id"]},{"name":"Wikipedia (pa)","description":"ਵਿਕਿਪੀਡਿਆ, ਮੁਫ਼ਤ/ਮੁਕਤ ਸ਼ਬਦਕੋਸ਼","creator":null,"developers":null,"translators":null,"contributors":null,"locales":["pa"]},{"name":"উইকিপিডিয়া (bn)","description":"উইকিপিডিয়া, মুক্ত বিশ্বকোষ","creator":null,"developers":null,"translators":null,"contributors":null,"locales":["bn"]},{"name":"Wikipedia (eu)","description":"Wikipedia, entziklopedia askea","creator":null,"developers":null,"translators":null,"contributors":null,"locales":["eu"]},{"name":"Wikipedie (cs)","description":"Wikipedia, svobodná encyclopedie","creator":null,"developers":null,"translators":null,"contributors":null,"locales":["cz"]},{"name":"Wikipédia (hu)","description":"Wikipedia, a szabad enciklopédia","creator":null,"developers":null,"translators":null,"contributors":null,"locales":["hu"]},{"name":"Wikipedia (kn)","description":"Wikipedia, the free encyclopedia","creator":null,"developers":null,"translators":null,"contributors":null,"locales":["kn"]},{"name":"Wikipedia (is)","description":"Wikipedia, the free encyclopedia","creator":null,"developers":null,"translators":null,"contributors":null,"locales":["is"]},{"name":"Вікіпедія (uk)","description":"Вікіпедія, вільна енциклопедія","creator":null,"developers":null,"translators":null,"contributors":null,"locales":["uk"]},{"name":"Wikipedia (kab)","description":"Wikipedia, tasanayt tilellit","creator":null,"developers":null,"translators":null,"contributors":null,"locales":["kab"]},{"name":"Wikipedia (zh)","description":"維基百科，自由的百科全書","creator":null,"developers":null,"translators":null,"contributors":null,"locales":["zh-TW"]},{"name":"ویکیپیڈیا (ur)","description":"ویکیپیڈیا آزاد دائرۃ المعارف","creator":null,"developers":null,"translators":null,"contributors":null,"locales":["ur"]},{"name":"Vikipedio (eo)","description":"Vikipedio, la libera enciklopedio","creator":null,"developers":null,"translators":null,"contributors":null,"locales":["eo"]},{"name":"Wikipedia (si)","description":"Wikipedia, the free encyclopedia","creator":null,"developers":null,"translators":null,"contributors":null,"locales":["si"]},{"name":"ويكيبيديا (ar)","description":"ويكيبيديا (ar)","creator":null,"developers":null,"translators":null,"contributors":null,"locales":["ar"]},{"name":"Wikipedia (vi)","description":"Wikipedia, bách khoa toàn thư mở","creator":null,"developers":null,"translators":null,"contributors":null,"locales":["vi"]},{"name":"ვიკიპედია (ka)","description":"ვიკიპედია, თავისუფალი ენციკლოპედია","creator":null,"developers":null,"translators":null,"contributors":null,"locales":["ka"]},{"name":"Uicipeid (gd)","description":"Wikipedia, An leabhar mòr-eòlais","creator":null,"developers":null,"translators":null,"contributors":null,"locales":["gd"]},{"name":"Wikipedia (it)","description":"Wikipedia, l'enciclopedia libera","creator":null,"developers":null,"translators":null,"contributors":null,"locales":["it"]},{"name":"Vikipediya (uz)","description":"Vikipediya, ochiq ensiklopediya","creator":null,"developers":null,"translators":null,"contributors":null,"locales":["uz"]},{"name":"Wikipedia (lt)","description":"Vikipedija, laisvoji enciklopedija","creator":null,"developers":null,"translators":null,"contributors":null,"locales":["lt"]},{"name":"Wikipedia (sq)","description":"Wikipedia, enciklopedia e lirë","creator":null,"developers":null,"translators":null,"contributors":null,"locales":["sq"]},{"name":"Vicipéid (ga)","description":"Vicipéid, an Chiclipéid Shaor","creator":null,"developers":null,"translators":null,"contributors":null,"locales":["ga-IE"]},{"name":"विकिपीडिया (hi)","description":"विकिपीडिया (हिन्दी)","creator":null,"developers":null,"translators":null,"contributors":null,"locales":["hi"]},{"name":"Vikipedeja (ltg)","description":"Vikipēdija, breivuo eņciklopedeja","creator":null,"developers":null,"translators":null,"contributors":null,"locales":["ltg"]},{"name":"விக்கிப்பீடியா (ta)","description":"விக்கிப்பீடியா (ta)","creator":null,"developers":null,"translators":null,"contributors":null,"locales":["ta"]},{"name":"Vikipediya (az)","description":"Vikipediya, açıq ensiklopediya","creator":null,"developers":null,"translators":null,"contributors":null,"locales":["az"]},{"name":"Википедија (mk)","description":"Википедија, слободната енциклопедија","creator":null,"developers":null,"translators":null,"contributors":null,"locales":["mk"]},{"name":"วิกิพีเดีย","description":"วิกิพีเดีย สารานุกรมเสรี","creator":null,"developers":null,"translators":null,"contributors":null,"locales":["th"]},{"name":"Wikipedia (de)","description":"Wikipedia, die freie Enzyklopädie","creator":null,"developers":null,"translators":null,"contributors":null,"locales":["de"]},{"name":"Wikipedija (dsb)","description":"Wikipedija, lichotna encyklopedija","creator":null,"developers":null,"translators":null,"contributors":null,"locales":["dsb"]},{"name":"विकिपीडिया (mr)","description":"विकिपीडिया, मोफत माहितीकोष","creator":null,"developers":null,"translators":null,"contributors":null,"locales":["mr"]},{"name":"Wikipedia (ast)","description":"La enciclopedia llibre","creator":null,"developers":null,"translators":null,"contributors":null,"locales":["ast"]},{"name":"Wikipedia (my)","description":"အခမဲ့လွတ်လပ်စွယ်စုံကျမ်း","creator":null,"developers":null,"translators":null,"contributors":null,"locales":["my"]},{"name":"Wikipedia (rm)","description":"Vichipedia, l'enciclopedia libra","creator":null,"developers":null,"translators":null,"contributors":null,"locales":["rm"]},{"name":"Wikipedia (nn)","description":"Wikipedia, det frie oppslagsverket","creator":null,"developers":null,"translators":null,"contributors":null,"locales":["NN"]},{"name":"Wikipedia (wo)","description":"Wikipedia, Jimbulang bu Ubbeeku bi","creator":null,"developers":null,"translators":null,"contributors":null,"locales":["wo"]},{"name":"Wikipedia (gl)","description":"Wikipedia, a enciclopedia libre","creator":null,"developers":null,"translators":null,"contributors":null,"locales":["gl"]},{"name":"Viquipèdia (ca)","description":"L'enciclopèdia lliure","creator":null,"developers":null,"translators":null,"contributors":null,"locales":["ca"]},{"name":"Wikipédia (sk)","description":"Wikipédia, slobodná a otvorená encyklopédia","creator":null,"developers":null,"translators":null,"contributors":null,"locales":["sk"]},{"name":"Википедија (sr)","description":"Претрага Википедије на српском језику","creator":null,"developers":null,"translators":null,"contributors":null,"locales":["sr"]},{"name":"Wikipedia (af)","description":"Wikipedia, die vrye ensiklopedie","creator":null,"developers":null,"translators":null,"contributors":null,"locales":["af"]},{"name":"ویکی‌پدیا (fa)","description":"ویکی‌پدیا، دانشنامهٔ آزاد","creator":null,"developers":null,"translators":null,"contributors":null,"locales":["fa"]},{"name":"Wikipedia (ms)","description":"Wikipedia, ensiklopedia bebas","creator":null,"developers":null,"translators":null,"contributors":null,"locales":["ms"]},{"name":"Wikipedia (ia)","description":"Wikipedia, le encyclopedia libere","creator":null,"developers":null,"translators":null,"contributors":null,"locales":["ia"]},{"name":"Wikipedia (no)","description":"Wikipedia, den frie encyklopedi","creator":null,"developers":null,"translators":null,"contributors":null,"locales":["NO"]},{"name":"Википедия (ru)","description":"Википедия, свободная энциклопедия","creator":null,"developers":null,"translators":null,"contributors":null,"locales":["ru"]},{"name":"Wikipedia (br)","description":"Wikipedia, an holloueziadur digor","creator":null,"developers":null,"translators":null,"contributors":null,"locales":["br"]},{"name":"Wikipedia (pl)","description":"Wikipedia, wolna encyklopedia","creator":null,"developers":null,"translators":null,"contributors":null,"locales":["pl"]},{"name":"Вікіпэдыя (be-tarask)","description":"Вікіпэдыя, вольная энцыкляпэдыя","creator":null,"developers":null,"translators":null,"contributors":null,"locales":["be-tarask"]},{"name":"Wikipedia (sv)","description":"Wikipedia, den fria encyklopedin","creator":null,"developers":null,"translators":null,"contributors":null,"locales":["sv-SE"]},{"name":"ວິກິພີເດຍ (lo)","description":"ວິກິພີເດຍ, ສາລານຸກົມເສລີ","creator":null,"developers":null,"translators":null,"contributors":null,"locales":["lo"]},{"name":"Wikipedija (sl)","description":"Wikipedija, prosta enciklopedija","creator":null,"developers":null,"translators":null,"contributors":null,"locales":["sl"]},{"name":"Vikipēdija","description":"Vikipēdija, brīvā enciklopēdija","creator":null,"developers":null,"translators":null,"contributors":null,"locales":["lv"]},{"name":"Biquipedia (an)","description":"A enciclopedia Libre","creator":null,"developers":null,"translators":null,"contributors":null,"locales":["an"]}],"targetApplications":[{"id":"toolkit@mozilla.org","minVersion":null,"maxVersion":null}],"targetPlatforms":[],"signedDate":null,"seen":true,"dependencies":[],"incognito":"spanning","userPermissions":{"permissions":[],"origins":[]},"optionalPermissions":{"permissions":[],"origins":[]},"icons":{"16":"favicon.ico"},"iconURL":null,"blocklistState":0,"blocklistURL":null,"startupData":null,"hidden":true,"installTelemetryInfo":null,"recommendationState":null,"rootURI":"resource://search-extensions/wikipedia/","location":"app-builtin"},{"id":"bing@search.mozilla.org","syncGUID":"{6bedf985-44bd-4aa8-8782-840fbb32d132}","version":"1.1","type":"extension","loader":null,"updateURL":null,"optionsURL":null,"optionsType":null,"optionsBrowserStyle":true,"aboutURL":null,"defaultLocale":{"name":"Bing","description":"Bing. Search by Microsoft.","creator":null,"developers":null,"translators":null,"contributors":null},"visible":true,"active":true,"userDisabled":false,"appDisabled":false,"embedderDisabled":false,"installDate":1685094790074,"applyBackgroundUpdates":1,"path":null,"skinnable":false,"sourceURI":null,"releaseNotesURI":null,"softDisabled":false,"foreignInstall":false,"strictCompatibility":true,"locales":[],"targetApplications":[{"id":"toolkit@mozilla.org","minVersion":null,"maxVersion":null}],"targetPlatforms":[],"signedDate":null,"seen":true,"dependencies":[],"incognito":"spanning","userPermissions":{"permissions":[],"origins":[]},"optionalPermissions":{"permissions":[],"origins":[]},"icons":{"16":"favicon.ico"},"iconURL":null,"blocklistState":0,"blocklistURL":null,"startupData":null,"hidden":true,"installTelemetryInfo":null,"recommendationState":null,"rootURI":"resource://search-extensions/bing/","location":"app-builtin"},{"id":"ddg@search.mozilla.org","syncGUID":"{ff31ef1e-f9ea-46c5-a1ae-f7a023b3c933}","version":"1.0","type":"extension","loader":null,"updateURL":null,"optionsURL":null,"optionsType":null,"optionsBrowserStyle":true,"aboutURL":null,"defaultLocale":{"name":"DuckDuckGo","description":"Search DuckDuckGo","creator":null,"developers":null,"translators":null,"contributors":null},"visible":true,"active":true,"userDisabled":false,"appDisabled":false,"embedderDisabled":false,"installDate":1685094790265,"applyBackgroundUpdates":1,"path":null,"skinnable":false,"sourceURI":null,"releaseNotesURI":null,"softDisabled":false,"foreignInstall":false,"strictCompatibility":true,"locales":[],"targetApplications":[{"id":"toolkit@mozilla.org","minVersion":null,"maxVersion":null}],"targetPlatforms":[],"signedDate":null,"seen":true,"dependencies":[],"incognito":"spanning","userPermissions":{"permissions":[],"origins":[]},"optionalPermissions":{"permissions":[],"origins":[]},"icons":{"16":"favicon.ico"},"iconURL":null,"blocklistState":0,"blocklistURL":null,"startupData":null,"hidden":true,"installTelemetryInfo":null,"recommendationState":null,"rootURI":"resource://search-extensions/ddg/","location":"app-builtin"},{"id":"firefox@tampermonkey.net","syncGUID":"{ce49cd35-ab3c-4f2c-b6de-e777c1f7e887}","version":"4.18.1","type":"extension","loader":null,"updateURL":null,"optionsURL":"options.html","optionsType":3,"optionsBrowserStyle":false,"aboutURL":null,"defaultLocale":{"name":"Tampermonkey","description":"The world's most popular userscript manager, with over 10 million users","creator":null,"homepageURL":"https://www.tampermonkey.net/","developers":null,"translators":null,"contributors":null},"visible":true,"active":true,"userDisabled":false,"appDisabled":false,"embedderDisabled":false,"installDate":1685095043000,"updateDate":1685095043000,"applyBackgroundUpdates":1,"path":"/home/onworks/.mozilla/firefox/d2uquewj.default-release/extensions/firefox@tampermonkey.net.xpi","skinnable":false,"sourceURI":"https://addons.mozilla.org/firefox/downloads/file/4030629/tampermonkey-4.18.1.xpi","releaseNotesURI":null,"softDisabled":false,"foreignInstall":false,"strictCompatibility":true,"locales":[{"name":"Tampermonkey","description":"The world's most popular userscript manager, with over 10 million users","creator":null,"homepageURL":"https://www.tampermonkey.net/","developers":null,"translators":null,"contributors":null,"locales":["en"]},{"name":"Tampermonkey","description":"The world's most popular userscript manager, with over 10 million users","creator":null,"homepageURL":"https://www.tampermonkey.net/","developers":null,"translators":null,"contributors":null,"locales":["ja"]},{"name":"Tampermonkey","description":"The world's most popular userscript manager, with over 10 million users","creator":null,"homepageURL":"https://www.tampermonkey.net/","developers":null,"translators":null,"contributors":null,"locales":["pt-PT"]},{"name":"Tampermonkey","description":"The world's most popular userscript manager, with over 10 million users","creator":null,"homepageURL":"https://www.tampermonkey.net/","developers":null,"translators":null,"contributors":null,"locales":["id"]},{"name":"Tampermonkey","description":"The world's most popular userscript manager, with over 10 million users","creator":null,"homepageURL":"https://www.tampermonkey.net/","developers":null,"translators":null,"contributors":null,"locales":["fr"]},{"name":"Tampermonkey","description":"The world's most popular userscript manager, with over 10 million users","creator":null,"homepageURL":"https://www.tampermonkey.net/","developers":null,"translators":null,"contributors":null,"locales":["cs"]},{"name":"Tampermonkey","description":"The world's most popular userscript manager, with over 10 million users","creator":null,"homepageURL":"https://www.tampermonkey.net/","developers":null,"translators":null,"contributors":null,"locales":["uk"]},{"name":"Tampermonkey","description":"The world's most popular userscript manager, with over 10 million users","creator":null,"homepageURL":"https://www.tampermonkey.net/","developers":null,"translators":null,"contributors":null,"locales":["vi"]},{"name":"Tampermonkey","description":"The world's most popular userscript manager, with over 10 million users","creator":null,"homepageURL":"https://www.tampermonkey.net/","developers":null,"translators":null,"contributors":null,"locales":["hu"]},{"name":"Tampermonkey","description":"The world's most popular userscript manager, with over 10 million users","creator":null,"homepageURL":"https://www.tampermonkey.net/","developers":null,"translators":null,"contributors":null,"locales":["ar"]},{"name":"Tampermonkey","description":"The world's most popular userscript manager, with over 10 million users","creator":null,"homepageURL":"https://www.tampermonkey.net/","developers":null,"translators":null,"contributors":null,"locales":["ko"]},{"name":"Tampermonkey","description":"The world's most popular userscript manager, with over 10 million users","creator":null,"homepageURL":"https://www.tampermonkey.net/","developers":null,"translators":null,"contributors":null,"locales":["it"]},{"name":"Tampermonkey","description":"The world's most popular userscript manager, with over 10 million users","creator":null,"homepageURL":"https://www.tampermonkey.net/","developers":null,"translators":null,"contributors":null,"locales":["hi"]},{"name":"Tampermonkey","description":"The world's most popular userscript manager, with over 10 million users","creator":null,"homepageURL":"https://www.tampermonkey.net/","developers":null,"translators":null,"contributors":null,"locales":["mk"]},{"name":"Tampermonkey","description":"The world's most popular userscript manager, with over 10 million users","creator":null,"homepageURL":"https://www.tampermonkey.net/","developers":null,"translators":null,"contributors":null,"locales":["de"]},{"name":"Tampermonkey","description":"The world's most popular userscript manager, with over 10 million users","creator":null,"homepageURL":"https://www.tampermonkey.net/","developers":null,"translators":null,"contributors":null,"locales":["nb"]},{"name":"Tampermonkey","description":"The world's most popular userscript manager, with over 10 million users","creator":null,"homepageURL":"https://www.tampermonkey.net/","developers":null,"translators":null,"contributors":null,"locales":["sk"]},{"name":"Tampermonkey","description":"The world's most popular userscript manager, with over 10 million users","creator":null,"homepageURL":"https://www.tampermonkey.net/","developers":null,"translators":null,"contributors":null,"locales":["sr"]},{"name":"Tampermonkey","description":"The world's most popular userscript manager, with over 10 million users","creator":null,"homepageURL":"https://www.tampermonkey.net/","developers":null,"translators":null,"contributors":null,"locales":["zh-CN"]},{"name":"Tampermonkey","description":"The world's most popular userscript manager, with over 10 million users","creator":null,"homepageURL":"https://www.tampermonkey.net/","developers":null,"translators":null,"contributors":null,"locales":["ru"]},{"name":"Tampermonkey","description":"The world's most popular userscript manager, with over 10 million users","creator":null,"homepageURL":"https://www.tampermonkey.net/","developers":null,"translators":null,"contributors":null,"locales":["pl"]},{"name":"Tampermonkey","description":"The world's most popular userscript manager, with over 10 million users","creator":null,"homepageURL":"https://www.tampermonkey.net/","developers":null,"translators":null,"contributors":null,"locales":["hr"]},{"name":"Tampermonkey","description":"The world's most popular userscript manager, with over 10 million users","creator":null,"homepageURL":"https://www.tampermonkey.net/","developers":null,"translators":null,"contributors":null,"locales":["be"]},{"name":"Tampermonkey","description":"The world's most popular userscript manager, with over 10 million users","creator":null,"homepageURL":"https://www.tampermonkey.net/","developers":null,"translators":null,"contributors":null,"locales":["el"]},{"name":"Tampermonkey","description":"The world's most popular userscript manager, with over 10 million users","creator":null,"homepageURL":"https://www.tampermonkey.net/","developers":null,"translators":null,"contributors":null,"locales":["es"]},{"name":"Tampermonkey","description":"The world's most popular userscript manager, with over 10 million users","creator":null,"homepageURL":"https://www.tampermonkey.net/","developers":null,"translators":null,"contributors":null,"locales":["pt-BR"]},{"name":"Tampermonkey","description":"The world's most popular userscript manager, with over 10 million users","creator":null,"homepageURL":"https://www.tampermonkey.net/","developers":null,"translators":null,"contributors":null,"locales":["da"]},{"name":"Tampermonkey","description":"The world's most popular userscript manager, with over 10 million users","creator":null,"homepageURL":"https://www.tampermonkey.net/","developers":null,"translators":null,"contributors":null,"locales":["tr"]},{"name":"Tampermonkey","description":"The world's most popular userscript manager, with over 10 million users","creator":null,"homepageURL":"https://www.tampermonkey.net/","developers":null,"translators":null,"contributors":null,"locales":["zh-TW"]},{"name":"Tampermonkey","description":"The world's most popular userscript manager, with over 10 million users","creator":null,"homepageURL":"https://www.tampermonkey.net/","developers":null,"translators":null,"contributors":null,"locales":["nl"]}],"targetApplications":[{"id":"toolkit@mozilla.org","minVersion":"65.0","maxVersion":"*"}],"targetPlatforms":[],"signedState":2,"signedDate":1668518415000,"seen":true,"dependencies":[],"incognito":"spanning","userPermissions":{"permissions":["notifications","tabs","idle","webNavigation","webRequest","webRequestBlocking","unlimitedStorage","storage","contextMenus","clipboardWrite","cookies","downloads"],"origins":["<all_urls>"]},"optionalPermissions":{"permissions":[],"origins":[]},"icons":{"32":"images/icon32.png","48":"images/icon48.png","128":"images/icon128.png"},"iconURL":null,"blocklistState":0,"blocklistURL":null,"startupData":null,"hidden":false,"installTelemetryInfo":{"source":"amo","sourceURL":"https://addons.mozilla.org/de/firefox/addon/tampermonkey/","method":"amWebAPI"},"recommendationState":null,"rootURI":"jar:file:///home/onworks/.mozilla/firefox/d2uquewj.default-release/extensions/firefox@tampermonkey.net.xpi!/","location":"app-profile"}]}